Transaction ID,Transaction Name,Sender,Recipient,Amount,Date
T0000,Transaction_0000,User_81,User_14,34.760647670440264,2023-01-01
T0001,Transaction_0001,User_35,User_31,230.97863076733452,2023-01-02
T0002,Transaction_0002,User_94,User_13,679.9324925486821,2023-01-03
T0003,Transaction_0003,User_69,User_11,594.5875873245493,2023-01-04
T0004,Transaction_0004,User_4,User_3,102.75828746297653,2023-01-05
T0005,Transaction_0005,User_29,User_64,605.9985417594805,2023-01-06
T0006,Transaction_0006,User_71,User_25,718.8594167931794,2023-01-07
T0007,Transaction_0007,User_89,User_69,425.32462275204216,2023-01-08
T0008,Transaction_0008,User_57,User_75,285.4088011483561,2023-01-09
T0009,Transaction_0009,User_0,User_97,807.7610593144798,2023-01-10
T0010,Transaction_0010,User_89,User_54,346.84801135281197,2023-01-11
T0011,Transaction_0011,User_19,User_27,957.6409414847134,2023-01-12
T0012,Transaction_0012,User_43,User_13,101.81838494634643,2023-01-13
T0013,Transaction_0013,User_12,User_45,849.0194226839852,2023-01-14
T0014,Transaction_0014,User_77,User_33,809.0569905416364,2023-01-15
T0015,Transaction_0015,User_93,User_58,540.8658105401537,2023-01-16
T0016,Transaction_0016,User_48,User_10,556.5202249604947,2023-01-17
T0017,Transaction_0017,User_80,User_79,886.5972304574387,2023-01-18
T0018,Transaction_0018,User_46,User_73,200.3657043540933,2023-01-19
T0019,Transaction_0019,User_8,User_5,664.6506853820331,2023-01-20
T0020,Transaction_0020,User_98,User_37,985.3693054541502,2023-01-21
T0021,Transaction_0021,User_29,User_12,386.3249627887745,2023-01-22
T0022,Transaction_0022,User_58,User_81,835.7693223743428,2023-01-23
T0023,Transaction_0023,User_20,User_47,361.7179932252463,2023-01-24
T0024,Transaction_0024,User_85,User_34,704.8021103239658,2023-01-25
T0025,Transaction_0025,User_87,User_82,80.68848448276285,2023-01-26
T0026,Transaction_0026,User_81,User_21,538.7984782594109,2023-01-27
T0027,Transaction_0027,User_31,User_20,467.63760973260463,2023-01-28
T0028,Transaction_0028,User_34,User_81,691.28033884898,2023-01-29
T0029,Transaction_0029,User_28,User_87,331.0399070711686,2023-01-30
T0030,Transaction_0030,User_98,User_99,65.3785680737911,2023-01-31
T0031,Transaction_0031,User_4,User_40,407.15313915210567,2023-02-01
T0032,Transaction_0032,User_8,User_27,914.0047629436896,2023-02-02
T0033,Transaction_0033,User_72,User_91,321.53110199049314,2023-02-03
T0034,Transaction_0034,User_83,User_63,401.67558205005764,2023-02-04
T0035,Transaction_0035,User_82,User_58,151.44287453764204,2023-02-05
T0036,Transaction_0036,User_17,User_31,747.5390922706905,2023-02-06
T0037,Transaction_0037,User_68,User_33,749.5436735357353,2023-02-07
T0038,Transaction_0038,User_54,User_74,405.4065000889933,2023-02-08
T0039,Transaction_0039,User_28,User_17,514.4310307396998,2023-02-09
T0040,Transaction_0040,User_11,User_96,56.64521167048722,2023-02-10
T0041,Transaction_0041,User_14,User_19,631.1715812860591,2023-02-11
T0042,Transaction_0042,User_87,User_54,600.4449404246541,2023-02-12
T0043,Transaction_0043,User_49,User_48,599.9295440775168,2023-02-13
T0044,Transaction_0044,User_59,User_67,258.89997878199506,2023-02-14
T0045,Transaction_0045,User_70,User_1,683.4805761539533,2023-02-15
T0046,Transaction_0046,User_14,User_87,885.9405656278179,2023-02-16
T0047,Transaction_0047,User_96,User_34,770.9127453308715,2023-02-17
T0048,Transaction_0048,User_43,User_14,300.56512736095186,2023-02-18
T0049,Transaction_0049,User_20,User_58,13.212862940711997,2023-02-19
T0050,Transaction_0050,User_92,User_33,972.1692178814131,2023-02-20
T0051,Transaction_0051,User_97,User_22,512.604857858282,2023-02-21
T0052,Transaction_0052,User_13,User_80,305.46034353414655,2023-02-22
T0053,Transaction_0053,User_81,User_64,612.8805093237906,2023-02-23
T0054,Transaction_0054,User_19,User_47,764.8856920743998,2023-02-24
T0055,Transaction_0055,User_69,User_99,923.2097398120919,2023-02-25
T0056,Transaction_0056,User_0,User_76,330.91449643462636,2023-02-26
T0057,Transaction_0057,User_2,User_14,929.807630101971,2023-02-27
T0058,Transaction_0058,User_39,User_30,67.34591482924569,2023-02-28
T0059,Transaction_0059,User_72,User_10,94.7969175472,2023-03-01
T0060,Transaction_0060,User_62,User_8,978.2046487405609,2023-03-02
T0061,Transaction_0061,User_68,User_98,134.5029064052369,2023-03-03
T0062,Transaction_0062,User_84,User_60,947.3801929079409,2023-03-04
T0063,Transaction_0063,User_21,User_33,532.3970495440715,2023-03-05
T0064,Transaction_0064,User_77,User_54,964.7192769473806,2023-03-06
T0065,Transaction_0065,User_69,User_96,732.6317583990764,2023-03-07
T0066,Transaction_0066,User_25,User_91,318.599128387886,2023-03-08
T0067,Transaction_0067,User_85,User_83,379.6862975040009,2023-03-09
T0068,Transaction_0068,User_66,User_57,129.79415390958306,2023-03-10
T0069,Transaction_0069,User_28,User_8,344.7047065259808,2023-03-11
T0070,Transaction_0070,User_75,User_70,237.81358527061124,2023-03-12
T0071,Transaction_0071,User_28,User_0,80.28315514894221,2023-03-13
T0072,Transaction_0072,User_80,User_7,236.65236597304283,2023-03-14
T0073,Transaction_0073,User_4,User_42,80.14877638976691,2023-03-15
T0074,Transaction_0074,User_30,User_35,672.2880005133178,2023-03-16
T0075,Transaction_0075,User_27,User_69,140.98873023777475,2023-03-17
T0076,Transaction_0076,User_73,User_60,250.56726997176727,2023-03-18
T0077,Transaction_0077,User_60,User_52,198.50581521825893,2023-03-19
T0078,Transaction_0078,User_12,User_84,436.7406705823137,2023-03-20
T0079,Transaction_0079,User_54,User_52,472.35442135630825,2023-03-21
T0080,Transaction_0080,User_93,User_6,676.6309018203685,2023-03-22
T0081,Transaction_0081,User_82,User_12,70.00654733624351,2023-03-23
T0082,Transaction_0082,User_93,User_43,802.5865857530819,2023-03-24
T0083,Transaction_0083,User_13,User_31,199.67417142023749,2023-03-25
T0084,Transaction_0084,User_68,User_57,148.78047412382674,2023-03-26
T0085,Transaction_0085,User_23,User_35,468.0017877169577,2023-03-27
T0086,Transaction_0086,User_9,User_56,809.9420222843855,2023-03-28
T0087,Transaction_0087,User_70,User_12,60.082446229632424,2023-03-29
T0088,Transaction_0088,User_69,User_1,969.3062947119038,2023-03-30
T0089,Transaction_0089,User_96,User_30,174.64799949787488,2023-03-31
T0090,Transaction_0090,User_62,User_61,221.60982620718985,2023-04-01
T0091,Transaction_0091,User_51,User_7,172.9907501875116,2023-04-02
T0092,Transaction_0092,User_0,User_49,272.5510275904304,2023-04-03
T0093,Transaction_0093,User_58,User_36,428.77741113026127,2023-04-04
T0094,Transaction_0094,User_93,User_71,665.2525988312377,2023-04-05
T0095,Transaction_0095,User_62,User_19,197.99888859496076,2023-04-06
T0096,Transaction_0096,User_27,User_7,583.3884879080937,2023-04-07
T0097,Transaction_0097,User_69,User_7,750.4958047752734,2023-04-08
T0098,Transaction_0098,User_7,User_6,588.3358185143815,2023-04-09
T0099,Transaction_0099,User_64,User_67,165.85840066008842,2023-04-10
T0100,Transaction_0100,User_65,User_10,852.8291198906802,2023-04-11
T0101,Transaction_0101,User_8,User_76,77.28125474199967,2023-04-12
T0102,Transaction_0102,User_30,User_51,128.68774780765295,2023-04-13
T0103,Transaction_0103,User_72,User_31,583.1298669321385,2023-04-14
T0104,Transaction_0104,User_5,User_79,91.16357143992673,2023-04-15
T0105,Transaction_0105,User_84,User_74,569.5746546056486,2023-04-16
T0106,Transaction_0106,User_40,User_33,212.21660742930106,2023-04-17
T0107,Transaction_0107,User_91,User_40,246.29909308968757,2023-04-18
T0108,Transaction_0108,User_50,User_16,674.9733207303716,2023-04-19
T0109,Transaction_0109,User_38,User_58,323.0154243091355,2023-04-20
T0110,Transaction_0110,User_96,User_9,19.222302315403933,2023-04-21
T0111,Transaction_0111,User_79,User_72,996.1354833765434,2023-04-22
T0112,Transaction_0112,User_9,User_68,221.02276914437,2023-04-23
T0113,Transaction_0113,User_33,User_16,933.926784213772,2023-04-24
T0114,Transaction_0114,User_8,User_31,375.83181785149515,2023-04-25
T0115,Transaction_0115,User_20,User_56,835.407505093409,2023-04-26
T0116,Transaction_0116,User_90,User_38,615.5609880686906,2023-04-27
T0117,Transaction_0117,User_83,User_67,17.74487608063637,2023-04-28
T0118,Transaction_0118,User_70,User_38,932.4384790417166,2023-04-29
T0119,Transaction_0119,User_13,User_17,271.8212622722564,2023-04-30
T0120,Transaction_0120,User_13,User_95,557.6914044759677,2023-05-01
T0121,Transaction_0121,User_34,User_36,608.7815287599217,2023-05-02
T0122,Transaction_0122,User_91,User_43,211.5613392041784,2023-05-03
T0123,Transaction_0123,User_81,User_33,510.3549675170073,2023-05-04
T0124,Transaction_0124,User_32,User_6,101.3754830356061,2023-05-05
T0125,Transaction_0125,User_54,User_35,53.645894181059525,2023-05-06
T0126,Transaction_0126,User_42,User_98,139.51146409468524,2023-05-07
T0127,Transaction_0127,User_33,User_20,743.8185992644516,2023-05-08
T0128,Transaction_0128,User_70,User_90,433.41004979087256,2023-05-09
T0129,Transaction_0129,User_1,User_14,84.49142147302938,2023-05-10
T0130,Transaction_0130,User_88,User_19,550.1343863134671,2023-05-11
T0131,Transaction_0131,User_47,User_74,556.9998457775476,2023-05-12
T0132,Transaction_0132,User_55,User_16,51.41056958716926,2023-05-13
T0133,Transaction_0133,User_46,User_5,899.9353901612099,2023-05-14
T0134,Transaction_0134,User_26,User_87,257.0344418306952,2023-05-15
T0135,Transaction_0135,User_13,User_45,782.3150794527282,2023-05-16
T0136,Transaction_0136,User_52,User_79,751.9828350321039,2023-05-17
T0137,Transaction_0137,User_30,User_20,976.4439726016533,2023-05-18
T0138,Transaction_0138,User_22,User_52,34.538498279206834,2023-05-19
T0139,Transaction_0139,User_94,User_42,784.5626311861554,2023-05-20
T0140,Transaction_0140,User_52,User_85,865.4233880915266,2023-05-21
T0141,Transaction_0141,User_31,User_34,167.60586455092394,2023-05-22
T0142,Transaction_0142,User_89,User_13,388.71630537096496,2023-05-23
T0143,Transaction_0143,User_4,User_60,230.20938037020778,2023-05-24
T0144,Transaction_0144,User_58,User_44,312.13895866521455,2023-05-25
T0145,Transaction_0145,User_29,User_28,33.42779035443701,2023-05-26
T0146,Transaction_0146,User_24,User_51,334.97933168572945,2023-05-27
T0147,Transaction_0147,User_8,User_98,286.3337427946527,2023-05-28
T0148,Transaction_0148,User_82,User_65,405.68160051646026,2023-05-29
T0149,Transaction_0149,User_68,User_42,939.8447689214686,2023-05-30
T0150,Transaction_0150,User_14,User_33,186.782138010739,2023-05-31
T0151,Transaction_0151,User_33,User_4,117.31852174256399,2023-06-01
T0152,Transaction_0152,User_55,User_44,731.2596100461773,2023-06-02
T0153,Transaction_0153,User_40,User_55,610.1467647730818,2023-06-03
T0154,Transaction_0154,User_65,User_14,391.3434790112799,2023-06-04
T0155,Transaction_0155,User_73,User_24,262.17528107719613,2023-06-05
T0156,Transaction_0156,User_90,User_55,11.674365436443171,2023-06-06
T0157,Transaction_0157,User_68,User_87,722.235699153397,2023-06-07
T0158,Transaction_0158,User_94,User_85,205.06477781071703,2023-06-08
T0159,Transaction_0159,User_55,User_8,949.3857411116012,2023-06-09
T0160,Transaction_0160,User_42,User_79,320.77648860777606,2023-06-10
T0161,Transaction_0161,User_15,User_92,901.0463667461205,2023-06-11
T0162,Transaction_0162,User_64,User_39,670.2239750646723,2023-06-12
T0163,Transaction_0163,User_41,User_51,700.2363300524551,2023-06-13
T0164,Transaction_0164,User_70,User_16,199.92169206024602,2023-06-14
T0165,Transaction_0165,User_85,User_48,680.5447658200056,2023-06-15
T0166,Transaction_0166,User_22,User_78,573.4142023171512,2023-06-16
T0167,Transaction_0167,User_51,User_70,835.3879176110169,2023-06-17
T0168,Transaction_0168,User_38,User_36,218.0808580338155,2023-06-18
T0169,Transaction_0169,User_74,User_77,658.158567466041,2023-06-19
T0170,Transaction_0170,User_59,User_56,447.7382013117593,2023-06-20
T0171,Transaction_0171,User_27,User_65,478.454324050233,2023-06-21
T0172,Transaction_0172,User_94,User_21,662.2622375484376,2023-06-22
T0173,Transaction_0173,User_36,User_65,667.2152979419487,2023-06-23
T0174,Transaction_0174,User_79,User_42,102.45332807480705,2023-06-24
T0175,Transaction_0175,User_96,User_30,676.0677138515954,2023-06-25
T0176,Transaction_0176,User_28,User_25,155.88042262331496,2023-06-26
T0177,Transaction_0177,User_5,User_31,984.096662554033,2023-06-27
T0178,Transaction_0178,User_78,User_98,82.09994689272341,2023-06-28
T0179,Transaction_0179,User_53,User_80,579.914190415225,2023-06-29
T0180,Transaction_0180,User_91,User_89,390.1386827188238,2023-06-30
T0181,Transaction_0181,User_51,User_31,156.09563164038522,2023-07-01
T0182,Transaction_0182,User_88,User_0,893.7332279492529,2023-07-02
T0183,Transaction_0183,User_98,User_13,780.6362026996518,2023-07-03
T0184,Transaction_0184,User_28,User_22,806.0687576114116,2023-07-04
T0185,Transaction_0185,User_89,User_66,469.9043857285096,2023-07-05
T0186,Transaction_0186,User_71,User_31,918.2953143108858,2023-07-06
T0187,Transaction_0187,User_15,User_58,142.00571450145858,2023-07-07
T0188,Transaction_0188,User_59,User_85,535.8205669970328,2023-07-08
T0189,Transaction_0189,User_71,User_76,324.12497789069414,2023-07-09
T0190,Transaction_0190,User_96,User_56,616.5257995341452,2023-07-10
T0191,Transaction_0191,User_92,User_64,432.473349290069,2023-07-11
T0192,Transaction_0192,User_70,User_57,898.2360222009296,2023-07-12
T0193,Transaction_0193,User_95,User_60,455.569059674439,2023-07-13
T0194,Transaction_0194,User_96,User_31,841.4642589635016,2023-07-14
T0195,Transaction_0195,User_35,User_98,779.898086980632,2023-07-15
T0196,Transaction_0196,User_62,User_80,246.85340517648655,2023-07-16
T0197,Transaction_0197,User_56,User_9,716.4094139849459,2023-07-17
T0198,Transaction_0198,User_30,User_34,342.4890612551008,2023-07-18
T0199,Transaction_0199,User_69,User_10,146.99032090099416,2023-07-19
T0200,Transaction_0200,User_29,User_49,697.0103141760618,2023-07-20
T0201,Transaction_0201,User_90,User_27,73.58656220673929,2023-07-21
T0202,Transaction_0202,User_52,User_42,547.1850290988762,2023-07-22
T0203,Transaction_0203,User_53,User_7,214.76604561926615,2023-07-23
T0204,Transaction_0204,User_53,User_49,905.7900935567752,2023-07-24
T0205,Transaction_0205,User_74,User_89,29.336637170349846,2023-07-25
T0206,Transaction_0206,User_97,User_73,386.57721863843454,2023-07-26
T0207,Transaction_0207,User_0,User_45,305.6265258486596,2023-07-27
T0208,Transaction_0208,User_49,User_53,542.8383619341292,2023-07-28
T0209,Transaction_0209,User_94,User_69,801.869489231855,2023-07-29
T0210,Transaction_0210,User_28,User_62,227.2274182752218,2023-07-30
T0211,Transaction_0211,User_55,User_62,38.73457174724809,2023-07-31
T0212,Transaction_0212,User_43,User_85,682.3504661780662,2023-08-01
T0213,Transaction_0213,User_51,User_92,173.39428389147372,2023-08-02
T0214,Transaction_0214,User_59,User_16,980.914757743734,2023-08-03
T0215,Transaction_0215,User_68,User_3,907.8595739609007,2023-08-04
T0216,Transaction_0216,User_75,User_72,666.3697592677997,2023-08-05
T0217,Transaction_0217,User_10,User_82,434.3266419644839,2023-08-06
T0218,Transaction_0218,User_59,User_23,59.78178715374128,2023-08-07
T0219,Transaction_0219,User_48,User_41,219.5436813693667,2023-08-08
T0220,Transaction_0220,User_41,User_43,763.6174108150868,2023-08-09
T0221,Transaction_0221,User_48,User_35,754.489725319237,2023-08-10
T0222,Transaction_0222,User_53,User_32,836.561805763,2023-08-11
T0223,Transaction_0223,User_60,User_2,751.5340184720222,2023-08-12
T0224,Transaction_0224,User_6,User_44,231.9799440625507,2023-08-13
T0225,Transaction_0225,User_8,User_99,957.7127467486047,2023-08-14
T0226,Transaction_0226,User_5,User_96,40.719698891905,2023-08-15
T0227,Transaction_0227,User_31,User_25,840.8365578217522,2023-08-16
T0228,Transaction_0228,User_79,User_19,246.1594924700168,2023-08-17
T0229,Transaction_0229,User_60,User_85,123.2455516482135,2023-08-18
T0230,Transaction_0230,User_27,User_59,702.4703215336893,2023-08-19
T0231,Transaction_0231,User_98,User_47,176.11125193412423,2023-08-20
T0232,Transaction_0232,User_77,User_95,721.1736563100482,2023-08-21
T0233,Transaction_0233,User_99,User_20,965.0735653037468,2023-08-22
T0234,Transaction_0234,User_13,User_74,35.42164124249136,2023-08-23
T0235,Transaction_0235,User_39,User_73,680.5738139819047,2023-08-24
T0236,Transaction_0236,User_48,User_50,942.0558925558965,2023-08-25
T0237,Transaction_0237,User_25,User_9,596.1768826373536,2023-08-26
T0238,Transaction_0238,User_80,User_31,110.88229239151677,2023-08-27
T0239,Transaction_0239,User_98,User_38,851.7903066979084,2023-08-28
T0240,Transaction_0240,User_76,User_15,798.2649444342098,2023-08-29
T0241,Transaction_0241,User_72,User_5,353.7317276553645,2023-08-30
T0242,Transaction_0242,User_54,User_84,376.8651674558756,2023-08-31
T0243,Transaction_0243,User_64,User_82,347.81886311267033,2023-09-01
T0244,Transaction_0244,User_53,User_62,114.4834819375586,2023-09-02
T0245,Transaction_0245,User_46,User_81,892.6592646570521,2023-09-03
T0246,Transaction_0246,User_58,User_90,161.4612376029213,2023-09-04
T0247,Transaction_0247,User_22,User_93,526.5292794690951,2023-09-05
T0248,Transaction_0248,User_83,User_34,619.7532305130155,2023-09-06
T0249,Transaction_0249,User_68,User_99,488.66252884436415,2023-09-07
T0250,Transaction_0250,User_55,User_93,596.5498728730647,2023-09-08
T0251,Transaction_0251,User_41,User_31,832.4237087016974,2023-09-09
T0252,Transaction_0252,User_11,User_35,882.8148721627442,2023-09-10
T0253,Transaction_0253,User_31,User_96,470.0613819371994,2023-09-11
T0254,Transaction_0254,User_78,User_85,385.1994110869814,2023-09-12
T0255,Transaction_0255,User_3,User_63,852.4433079493346,2023-09-13
T0256,Transaction_0256,User_23,User_62,219.9986516779416,2023-09-14
T0257,Transaction_0257,User_33,User_43,286.8619031572101,2023-09-15
T0258,Transaction_0258,User_76,User_89,881.3062718026779,2023-09-16
T0259,Transaction_0259,User_71,User_1,521.4609791977848,2023-09-17
T0260,Transaction_0260,User_24,User_10,248.94248986895315,2023-09-18
T0261,Transaction_0261,User_52,User_62,559.6244494660422,2023-09-19
T0262,Transaction_0262,User_30,User_88,481.33217967632305,2023-09-20
T0263,Transaction_0263,User_91,User_62,453.69280409070507,2023-09-21
T0264,Transaction_0264,User_2,User_11,301.29322550729233,2023-09-22
T0265,Transaction_0265,User_51,User_88,250.8721122379896,2023-09-23
T0266,Transaction_0266,User_84,User_74,375.33024615442656,2023-09-24
T0267,Transaction_0267,User_70,User_67,350.3198202047405,2023-09-25
T0268,Transaction_0268,User_95,User_70,337.48338422397086,2023-09-26
T0269,Transaction_0269,User_89,User_58,278.2072627064344,2023-09-27
T0270,Transaction_0270,User_32,User_29,129.44932590478277,2023-09-28
T0271,Transaction_0271,User_24,User_40,128.3591938425023,2023-09-29
T0272,Transaction_0272,User_68,User_97,693.2619185991462,2023-09-30
T0273,Transaction_0273,User_24,User_27,741.2186069738611,2023-10-01
T0274,Transaction_0274,User_35,User_92,593.691036901183,2023-10-02
T0275,Transaction_0275,User_97,User_67,600.8228331071788,2023-10-03
T0276,Transaction_0276,User_12,User_24,303.283998632493,2023-10-04
T0277,Transaction_0277,User_46,User_22,309.24491289263125,2023-10-05
T0278,Transaction_0278,User_90,User_68,135.31713024950182,2023-10-06
T0279,Transaction_0279,User_5,User_6,557.8253771306222,2023-10-07
T0280,Transaction_0280,User_89,User_16,641.4909585548683,2023-10-08
T0281,Transaction_0281,User_96,User_62,111.56177031988307,2023-10-09
T0282,Transaction_0282,User_1,User_73,291.4959338657779,2023-10-10
T0283,Transaction_0283,User_61,User_56,347.29887323468944,2023-10-11
T0284,Transaction_0284,User_6,User_32,941.6529608004222,2023-10-12
T0285,Transaction_0285,User_61,User_14,823.894488846436,2023-10-13
T0286,Transaction_0286,User_51,User_62,83.34134855308339,2023-10-14
T0287,Transaction_0287,User_80,User_87,63.07298354960781,2023-10-15
T0288,Transaction_0288,User_19,User_72,949.6343859344508,2023-10-16
T0289,Transaction_0289,User_10,User_31,127.26704658934696,2023-10-17
T0290,Transaction_0290,User_97,User_53,610.2544747305332,2023-10-18
T0291,Transaction_0291,User_79,User_28,777.9366043012351,2023-10-19
T0292,Transaction_0292,User_48,User_57,909.4193338475658,2023-10-20
T0293,Transaction_0293,User_38,User_75,990.1309478621299,2023-10-21
T0294,Transaction_0294,User_39,User_72,624.817047861427,2023-10-22
T0295,Transaction_0295,User_78,User_94,108.24123902704034,2023-10-23
T0296,Transaction_0296,User_97,User_26,629.2598801025372,2023-10-24
T0297,Transaction_0297,User_33,User_84,90.37559081231446,2023-10-25
T0298,Transaction_0298,User_30,User_22,556.4723231219815,2023-10-26
T0299,Transaction_0299,User_20,User_0,414.4323969334264,2023-10-27
T0300,Transaction_0300,User_88,User_76,475.213354217609,2023-10-28
T0301,Transaction_0301,User_4,User_29,295.2238406977524,2023-10-29
T0302,Transaction_0302,User_36,User_89,861.0106640271173,2023-10-30
T0303,Transaction_0303,User_9,User_87,241.0895680984253,2023-10-31
T0304,Transaction_0304,User_33,User_80,593.8916933132052,2023-11-01
T0305,Transaction_0305,User_25,User_54,123.62853943643529,2023-11-02
T0306,Transaction_0306,User_28,User_82,157.4995070645759,2023-11-03
T0307,Transaction_0307,User_34,User_18,80.69573848725601,2023-11-04
T0308,Transaction_0308,User_21,User_39,599.0935969462106,2023-11-05
T0309,Transaction_0309,User_72,User_36,444.761914187,2023-11-06
T0310,Transaction_0310,User_59,User_88,311.05027863931906,2023-11-07
T0311,Transaction_0311,User_51,User_34,505.4674553467463,2023-11-08
T0312,Transaction_0312,User_63,User_56,89.63743338030797,2023-11-09
T0313,Transaction_0313,User_5,User_55,737.1885840527591,2023-11-10
T0314,Transaction_0314,User_77,User_32,35.60624346445209,2023-11-11
T0315,Transaction_0315,User_29,User_86,837.5990277671195,2023-11-12
T0316,Transaction_0316,User_73,User_75,951.2784150282889,2023-11-13
T0317,Transaction_0317,User_97,User_86,823.2070328057997,2023-11-14
T0318,Transaction_0318,User_73,User_5,765.4779141299884,2023-11-15
T0319,Transaction_0319,User_22,User_60,523.7742025777279,2023-11-16
T0320,Transaction_0320,User_56,User_35,189.67425575089467,2023-11-17
T0321,Transaction_0321,User_74,User_55,638.436872259546,2023-11-18
T0322,Transaction_0322,User_62,User_11,475.3102910107482,2023-11-19
T0323,Transaction_0323,User_52,User_42,327.84767339700585,2023-11-20
T0324,Transaction_0324,User_13,User_20,336.50562694317574,2023-11-21
T0325,Transaction_0325,User_88,User_63,295.3356174078412,2023-11-22
T0326,Transaction_0326,User_51,User_97,554.5956428820651,2023-11-23
T0327,Transaction_0327,User_58,User_11,321.37198559846627,2023-11-24
T0328,Transaction_0328,User_41,User_14,970.4828795404914,2023-11-25
T0329,Transaction_0329,User_51,User_65,826.6779312360139,2023-11-26
T0330,Transaction_0330,User_0,User_84,870.6738094774458,2023-11-27
T0331,Transaction_0331,User_59,User_52,63.66204452296132,2023-11-28
T0332,Transaction_0332,User_66,User_46,626.4075338756942,2023-11-29
T0333,Transaction_0333,User_63,User_80,447.62054616503883,2023-11-30
T0334,Transaction_0334,User_6,User_26,274.3856758902031,2023-12-01
T0335,Transaction_0335,User_16,User_36,443.7349341216545,2023-12-02
T0336,Transaction_0336,User_89,User_62,130.21182252899365,2023-12-03
T0337,Transaction_0337,User_80,User_77,801.320595941726,2023-12-04
T0338,Transaction_0338,User_90,User_20,317.64263700940177,2023-12-05
T0339,Transaction_0339,User_1,User_70,413.9107804170035,2023-12-06
T0340,Transaction_0340,User_28,User_14,466.83341523699556,2023-12-07
T0341,Transaction_0341,User_15,User_82,833.8217420312122,2023-12-08
T0342,Transaction_0342,User_63,User_91,298.9429446591681,2023-12-09
T0343,Transaction_0343,User_90,User_34,421.3354395059995,2023-12-10
T0344,Transaction_0344,User_61,User_60,251.293597014387,2023-12-11
T0345,Transaction_0345,User_70,User_18,389.7501531146784,2023-12-12
T0346,Transaction_0346,User_76,User_65,748.8296200374737,2023-12-13
T0347,Transaction_0347,User_17,User_8,283.48492879382053,2023-12-14
T0348,Transaction_0348,User_53,User_43,934.9059097456949,2023-12-15
T0349,Transaction_0349,User_64,User_34,822.3439784537226,2023-12-16
T0350,Transaction_0350,User_36,User_92,305.5702912740495,2023-12-17
T0351,Transaction_0351,User_75,User_74,998.9133098970453,2023-12-18
T0352,Transaction_0352,User_62,User_19,452.08191911276253,2023-12-19
T0353,Transaction_0353,User_61,User_44,339.1155561536419,2023-12-20
T0354,Transaction_0354,User_97,User_69,383.4379536717471,2023-12-21
T0355,Transaction_0355,User_41,User_24,980.9668850192684,2023-12-22
T0356,Transaction_0356,User_30,User_73,389.1411404403062,2023-12-23
T0357,Transaction_0357,User_99,User_52,53.210826106328895,2023-12-24
T0358,Transaction_0358,User_95,User_60,708.1756022147525,2023-12-25
T0359,Transaction_0359,User_48,User_49,988.5298619199689,2023-12-26
T0360,Transaction_0360,User_83,User_19,500.3753631202593,2023-12-27
T0361,Transaction_0361,User_4,User_16,507.2682386316362,2023-12-28
T0362,Transaction_0362,User_75,User_42,871.0033102285933,2023-12-29
T0363,Transaction_0363,User_56,User_12,530.6915759394858,2023-12-30
T0364,Transaction_0364,User_58,User_1,725.2193892949361,2023-12-31
T0365,Transaction_0365,User_52,User_83,970.2572261006952,2024-01-01
T0366,Transaction_0366,User_9,User_60,783.7100383602946,2024-01-02
T0367,Transaction_0367,User_33,User_43,627.026806516778,2024-01-03
T0368,Transaction_0368,User_50,User_83,89.51216737365452,2024-01-04
T0369,Transaction_0369,User_42,User_86,860.7487623265839,2024-01-05
T0370,Transaction_0370,User_48,User_40,630.5311872179079,2024-01-06
T0371,Transaction_0371,User_97,User_62,873.6591872245509,2024-01-07
T0372,Transaction_0372,User_4,User_79,77.73653970973594,2024-01-08
T0373,Transaction_0373,User_80,User_87,921.7198077924937,2024-01-09
T0374,Transaction_0374,User_29,User_95,99.47553746127896,2024-01-10
T0375,Transaction_0375,User_12,User_97,637.4103504929834,2024-01-11
T0376,Transaction_0376,User_12,User_56,174.70113886193292,2024-01-12
T0377,Transaction_0377,User_38,User_3,55.53105899044063,2024-01-13
T0378,Transaction_0378,User_7,User_37,364.8787088773598,2024-01-14
T0379,Transaction_0379,User_55,User_18,251.7554578621287,2024-01-15
T0380,Transaction_0380,User_52,User_72,684.9823676392009,2024-01-16
T0381,Transaction_0381,User_23,User_21,183.3186615122755,2024-01-17
T0382,Transaction_0382,User_78,User_48,623.5132648520412,2024-01-18
T0383,Transaction_0383,User_30,User_63,913.7007258633192,2024-01-19
T0384,Transaction_0384,User_18,User_29,466.53841422144757,2024-01-20
T0385,Transaction_0385,User_32,User_58,262.7734410775625,2024-01-21
T0386,Transaction_0386,User_1,User_59,902.1973293628942,2024-01-22
T0387,Transaction_0387,User_86,User_69,166.3958658510691,2024-01-23
T0388,Transaction_0388,User_56,User_44,987.7751782662867,2024-01-24
T0389,Transaction_0389,User_38,User_81,962.4087820952076,2024-01-25
T0390,Transaction_0390,User_88,User_32,462.26745454110863,2024-01-26
T0391,Transaction_0391,User_38,User_25,999.3798298451774,2024-01-27
T0392,Transaction_0392,User_61,User_13,244.83364490829888,2024-01-28
T0393,Transaction_0393,User_73,User_45,579.0638108768586,2024-01-29
T0394,Transaction_0394,User_89,User_37,31.72020188096936,2024-01-30
T0395,Transaction_0395,User_84,User_50,281.73557637644547,2024-01-31
T0396,Transaction_0396,User_72,User_87,780.5284996123771,2024-02-01
T0397,Transaction_0397,User_6,User_77,747.7204325926303,2024-02-02
T0398,Transaction_0398,User_36,User_99,800.8715183125228,2024-02-03
T0399,Transaction_0399,User_77,User_45,226.8144935388244,2024-02-04
T0400,Transaction_0400,User_24,User_79,258.1205320431799,2024-02-05
T0401,Transaction_0401,User_96,User_92,769.7960667505095,2024-02-06
T0402,Transaction_0402,User_87,User_17,631.9656226500293,2024-02-07
T0403,Transaction_0403,User_80,User_82,49.028348221209214,2024-02-08
T0404,Transaction_0404,User_56,User_4,583.7780673147187,2024-02-09
T0405,Transaction_0405,User_93,User_16,99.23204198875675,2024-02-10
T0406,Transaction_0406,User_37,User_41,750.0060562889878,2024-02-11
T0407,Transaction_0407,User_22,User_25,140.8381997693157,2024-02-12
T0408,Transaction_0408,User_69,User_46,535.5438499657572,2024-02-13
T0409,Transaction_0409,User_34,User_21,264.40038371762967,2024-02-14
T0410,Transaction_0410,User_61,User_37,749.0937572098746,2024-02-15
T0411,Transaction_0411,User_43,User_14,473.64807496416836,2024-02-16
T0412,Transaction_0412,User_9,User_18,756.6099781307221,2024-02-17
T0413,Transaction_0413,User_28,User_86,726.974544954763,2024-02-18
T0414,Transaction_0414,User_50,User_71,372.1172989115107,2024-02-19
T0415,Transaction_0415,User_50,User_1,271.81399256889955,2024-02-20
T0416,Transaction_0416,User_15,User_58,374.8998020298786,2024-02-21
T0417,Transaction_0417,User_95,User_86,269.53979416723905,2024-02-22
T0418,Transaction_0418,User_48,User_81,940.8889728617587,2024-02-23
T0419,Transaction_0419,User_13,User_86,241.48368318946734,2024-02-24
T0420,Transaction_0420,User_3,User_79,885.3924967627037,2024-02-25
T0421,Transaction_0421,User_71,User_41,916.1033496557278,2024-02-26
T0422,Transaction_0422,User_28,User_82,72.58487074859349,2024-02-27
T0423,Transaction_0423,User_59,User_89,309.1682727839577,2024-02-28
T0424,Transaction_0424,User_52,User_14,148.37924238214887,2024-02-29
T0425,Transaction_0425,User_4,User_38,995.9681010074792,2024-03-01
T0426,Transaction_0426,User_14,User_12,242.45203210701578,2024-03-02
T0427,Transaction_0427,User_68,User_17,394.75937283864107,2024-03-03
T0428,Transaction_0428,User_47,User_85,949.8869607277863,2024-03-04
T0429,Transaction_0429,User_89,User_69,424.9354858805756,2024-03-05
T0430,Transaction_0430,User_95,User_93,162.97767338573667,2024-03-06
T0431,Transaction_0431,User_53,User_83,108.03141836342321,2024-03-07
T0432,Transaction_0432,User_62,User_78,414.0347268407235,2024-03-08
T0433,Transaction_0433,User_35,User_4,693.3778571100879,2024-03-09
T0434,Transaction_0434,User_27,User_56,450.2489011812926,2024-03-10
T0435,Transaction_0435,User_30,User_46,108.36107836006902,2024-03-11
T0436,Transaction_0436,User_87,User_47,549.0212028673235,2024-03-12
T0437,Transaction_0437,User_82,User_45,69.94458827494267,2024-03-13
T0438,Transaction_0438,User_35,User_24,968.5248071770229,2024-03-14
T0439,Transaction_0439,User_58,User_11,666.1410506813583,2024-03-15
T0440,Transaction_0440,User_82,User_81,601.1744999243497,2024-03-16
T0441,Transaction_0441,User_2,User_6,788.9266445500706,2024-03-17
T0442,Transaction_0442,User_31,User_16,789.1083189765527,2024-03-18
T0443,Transaction_0443,User_26,User_8,831.5196588449612,2024-03-19
T0444,Transaction_0444,User_70,User_26,590.5192527457463,2024-03-20
T0445,Transaction_0445,User_29,User_42,776.6248920267718,2024-03-21
T0446,Transaction_0446,User_76,User_0,284.50209751592615,2024-03-22
T0447,Transaction_0447,User_18,User_16,544.8133022945199,2024-03-23
T0448,Transaction_0448,User_22,User_14,664.4470661713436,2024-03-24
T0449,Transaction_0449,User_3,User_16,24.71172395840176,2024-03-25
T0450,Transaction_0450,User_30,User_75,330.5337473424022,2024-03-26
T0451,Transaction_0451,User_22,User_33,61.87502768256475,2024-03-27
T0452,Transaction_0452,User_94,User_53,530.8246713318885,2024-03-28
T0453,Transaction_0453,User_95,User_8,481.48350576901777,2024-03-29
T0454,Transaction_0454,User_99,User_46,518.1055780330997,2024-03-30
T0455,Transaction_0455,User_13,User_57,508.80030288796314,2024-03-31
T0456,Transaction_0456,User_78,User_5,729.9705671920979,2024-04-01
T0457,Transaction_0457,User_84,User_66,308.6140257378078,2024-04-02
T0458,Transaction_0458,User_82,User_3,70.21715341956076,2024-04-03
T0459,Transaction_0459,User_61,User_51,432.0108830871918,2024-04-04
T0460,Transaction_0460,User_13,User_62,715.2773017481254,2024-04-05
T0461,Transaction_0461,User_56,User_9,900.2740974722994,2024-04-06
T0462,Transaction_0462,User_41,User_77,156.85048740376092,2024-04-07
T0463,Transaction_0463,User_16,User_35,628.0743193383958,2024-04-08
T0464,Transaction_0464,User_74,User_70,715.0312684620438,2024-04-09
T0465,Transaction_0465,User_48,User_76,535.2512690570113,2024-04-10
T0466,Transaction_0466,User_58,User_64,609.3725236199598,2024-04-11
T0467,Transaction_0467,User_12,User_89,123.26993170577882,2024-04-12
T0468,Transaction_0468,User_83,User_98,555.8218761059009,2024-04-13
T0469,Transaction_0469,User_27,User_55,457.03936680562873,2024-04-14
T0470,Transaction_0470,User_29,User_52,345.54230264682343,2024-04-15
T0471,Transaction_0471,User_58,User_51,421.8297537588803,2024-04-16
T0472,Transaction_0472,User_12,User_40,432.4963661983484,2024-04-17
T0473,Transaction_0473,User_85,User_32,380.5580132011815,2024-04-18
T0474,Transaction_0474,User_19,User_87,923.7551853770406,2024-04-19
T0475,Transaction_0475,User_8,User_11,833.454169590106,2024-04-20
T0476,Transaction_0476,User_11,User_55,105.59878824012776,2024-04-21
T0477,Transaction_0477,User_94,User_47,813.6515924246185,2024-04-22
T0478,Transaction_0478,User_71,User_7,590.6004319120822,2024-04-23
T0479,Transaction_0479,User_71,User_42,673.3131320849728,2024-04-24
T0480,Transaction_0480,User_52,User_45,874.8712985119753,2024-04-25
T0481,Transaction_0481,User_96,User_54,869.4112273803743,2024-04-26
T0482,Transaction_0482,User_92,User_6,968.7146390583597,2024-04-27
T0483,Transaction_0483,User_76,User_39,358.12972383621747,2024-04-28
T0484,Transaction_0484,User_73,User_64,220.61141761528603,2024-04-29
T0485,Transaction_0485,User_84,User_61,232.0024204164899,2024-04-30
T0486,Transaction_0486,User_13,User_44,846.9196844153316,2024-05-01
T0487,Transaction_0487,User_47,User_14,764.9795756174813,2024-05-02
T0488,Transaction_0488,User_73,User_28,809.1491574408209,2024-05-03
T0489,Transaction_0489,User_71,User_98,820.2425909452629,2024-05-04
T0490,Transaction_0490,User_78,User_86,646.2721721915331,2024-05-05
T0491,Transaction_0491,User_3,User_77,929.7934480849871,2024-05-06
T0492,Transaction_0492,User_88,User_34,38.66364925065564,2024-05-07
T0493,Transaction_0493,User_34,User_89,764.7854228011879,2024-05-08
T0494,Transaction_0494,User_43,User_44,16.044731509622103,2024-05-09
T0495,Transaction_0495,User_18,User_72,660.7711884884276,2024-05-10
T0496,Transaction_0496,User_8,User_18,743.5593685272357,2024-05-11
T0497,Transaction_0497,User_3,User_11,748.6506443856497,2024-05-12
T0498,Transaction_0498,User_27,User_48,425.6341688268581,2024-05-13
T0499,Transaction_0499,User_43,User_20,376.35256155223385,2024-05-14
T0500,Transaction_0500,User_92,User_41,779.0672637670735,2024-05-15
T0501,Transaction_0501,User_72,User_76,94.1074695774075,2024-05-16
T0502,Transaction_0502,User_6,User_19,165.83579813608162,2024-05-17
T0503,Transaction_0503,User_79,User_6,677.2290235069819,2024-05-18
T0504,Transaction_0504,User_34,User_56,665.3193058801786,2024-05-19
T0505,Transaction_0505,User_62,User_77,447.62374483080134,2024-05-20
T0506,Transaction_0506,User_34,User_27,757.393712231687,2024-05-21
T0507,Transaction_0507,User_14,User_44,435.6144970639115,2024-05-22
T0508,Transaction_0508,User_36,User_86,681.7013922125317,2024-05-23
T0509,Transaction_0509,User_62,User_67,670.4612331489861,2024-05-24
T0510,Transaction_0510,User_5,User_28,401.31076212675265,2024-05-25
T0511,Transaction_0511,User_76,User_7,17.610215040884043,2024-05-26
T0512,Transaction_0512,User_38,User_27,769.676032035518,2024-05-27
T0513,Transaction_0513,User_97,User_32,296.5526599052632,2024-05-28
T0514,Transaction_0514,User_15,User_0,502.41147532719356,2024-05-29
T0515,Transaction_0515,User_55,User_22,137.8938447416228,2024-05-30
T0516,Transaction_0516,User_68,User_90,237.80960891589308,2024-05-31
T0517,Transaction_0517,User_71,User_85,808.1381847010962,2024-06-01
T0518,Transaction_0518,User_9,User_50,863.1467184023627,2024-06-02
T0519,Transaction_0519,User_5,User_55,28.554121219789245,2024-06-03
T0520,Transaction_0520,User_9,User_40,580.0015691294627,2024-06-04
T0521,Transaction_0521,User_73,User_51,712.4039719532449,2024-06-05
T0522,Transaction_0522,User_53,User_37,124.02163893716025,2024-06-06
T0523,Transaction_0523,User_2,User_41,180.1544487722883,2024-06-07
T0524,Transaction_0524,User_79,User_58,833.70565394099,2024-06-08
T0525,Transaction_0525,User_46,User_11,442.3446617725455,2024-06-09
T0526,Transaction_0526,User_13,User_31,441.31976167099606,2024-06-10
T0527,Transaction_0527,User_51,User_67,87.86061660803126,2024-06-11
T0528,Transaction_0528,User_39,User_95,346.1181483369793,2024-06-12
T0529,Transaction_0529,User_42,User_99,176.45138096522973,2024-06-13
T0530,Transaction_0530,User_65,User_81,122.88637344016702,2024-06-14
T0531,Transaction_0531,User_65,User_24,906.86350426425,2024-06-15
T0532,Transaction_0532,User_44,User_93,958.6411155071788,2024-06-16
T0533,Transaction_0533,User_82,User_18,243.90616045725704,2024-06-17
T0534,Transaction_0534,User_18,User_32,205.29908479574343,2024-06-18
T0535,Transaction_0535,User_77,User_19,762.6131425914231,2024-06-19
T0536,Transaction_0536,User_83,User_9,185.37466765775685,2024-06-20
T0537,Transaction_0537,User_98,User_80,499.17585476721473,2024-06-21
T0538,Transaction_0538,User_96,User_72,762.2783781116709,2024-06-22
T0539,Transaction_0539,User_57,User_87,924.9127158018027,2024-06-23
T0540,Transaction_0540,User_72,User_82,638.9453358699875,2024-06-24
T0541,Transaction_0541,User_79,User_41,865.604406083102,2024-06-25
T0542,Transaction_0542,User_80,User_40,159.44782737914613,2024-06-26
T0543,Transaction_0543,User_8,User_60,447.785983197922,2024-06-27
T0544,Transaction_0544,User_38,User_35,595.5055592627108,2024-06-28
T0545,Transaction_0545,User_45,User_64,83.4487496115548,2024-06-29
T0546,Transaction_0546,User_59,User_57,47.231173115381154,2024-06-30
T0547,Transaction_0547,User_47,User_36,85.96369116172045,2024-07-01
T0548,Transaction_0548,User_11,User_78,598.1390204429413,2024-07-02
T0549,Transaction_0549,User_49,User_59,584.5261133370786,2024-07-03
T0550,Transaction_0550,User_94,User_5,455.2363666143972,2024-07-04
T0551,Transaction_0551,User_73,User_83,196.35707041853283,2024-07-05
T0552,Transaction_0552,User_77,User_60,506.3536288540993,2024-07-06
T0553,Transaction_0553,User_7,User_57,112.4668584976877,2024-07-07
T0554,Transaction_0554,User_43,User_91,93.48584070431819,2024-07-08
T0555,Transaction_0555,User_82,User_22,48.75070493866707,2024-07-09
T0556,Transaction_0556,User_90,User_56,991.0761624204187,2024-07-10
T0557,Transaction_0557,User_67,User_66,613.7073522594477,2024-07-11
T0558,Transaction_0558,User_46,User_47,918.757421225791,2024-07-12
T0559,Transaction_0559,User_49,User_52,776.7201406879981,2024-07-13
T0560,Transaction_0560,User_86,User_76,61.8418623606462,2024-07-14
T0561,Transaction_0561,User_80,User_82,341.30285378733817,2024-07-15
T0562,Transaction_0562,User_42,User_12,562.3835802942183,2024-07-16
T0563,Transaction_0563,User_49,User_36,259.4758271164917,2024-07-17
T0564,Transaction_0564,User_84,User_77,874.5468654399335,2024-07-18
T0565,Transaction_0565,User_42,User_10,586.9121194405554,2024-07-19
T0566,Transaction_0566,User_18,User_44,317.129420176294,2024-07-20
T0567,Transaction_0567,User_83,User_89,665.5138053598881,2024-07-21
T0568,Transaction_0568,User_16,User_76,711.7456742273433,2024-07-22
T0569,Transaction_0569,User_10,User_39,563.3328493901529,2024-07-23
T0570,Transaction_0570,User_82,User_42,815.052935976653,2024-07-24
T0571,Transaction_0571,User_85,User_89,830.6693831655199,2024-07-25
T0572,Transaction_0572,User_94,User_87,913.3235056037412,2024-07-26
T0573,Transaction_0573,User_11,User_82,673.7514796791397,2024-07-27
T0574,Transaction_0574,User_65,User_46,28.04823241361739,2024-07-28
T0575,Transaction_0575,User_39,User_23,951.657620460173,2024-07-29
T0576,Transaction_0576,User_43,User_98,491.408211664,2024-07-30
T0577,Transaction_0577,User_28,User_17,163.39572121496076,2024-07-31
T0578,Transaction_0578,User_37,User_12,512.6128155973997,2024-08-01
T0579,Transaction_0579,User_69,User_94,884.845343837636,2024-08-02
T0580,Transaction_0580,User_4,User_84,343.3967282446387,2024-08-03
T0581,Transaction_0581,User_98,User_79,139.73855101521295,2024-08-04
T0582,Transaction_0582,User_48,User_19,170.624739967566,2024-08-05
T0583,Transaction_0583,User_88,User_98,628.4930751543735,2024-08-06
T0584,Transaction_0584,User_21,User_92,443.2966710869633,2024-08-07
T0585,Transaction_0585,User_52,User_46,679.5992929666476,2024-08-08
T0586,Transaction_0586,User_30,User_56,614.4894679045576,2024-08-09
T0587,Transaction_0587,User_96,User_95,785.9623558404943,2024-08-10
T0588,Transaction_0588,User_29,User_68,246.77681227306428,2024-08-11
T0589,Transaction_0589,User_60,User_24,374.1625486427825,2024-08-12
T0590,Transaction_0590,User_73,User_56,467.0631786565793,2024-08-13
T0591,Transaction_0591,User_36,User_99,388.0537098488034,2024-08-14
T0592,Transaction_0592,User_67,User_53,966.6054716738878,2024-08-15
T0593,Transaction_0593,User_25,User_77,147.0145492573969,2024-08-16
T0594,Transaction_0594,User_32,User_6,644.7672458424026,2024-08-17
T0595,Transaction_0595,User_47,User_70,934.9506184575247,2024-08-18
T0596,Transaction_0596,User_91,User_66,852.654387603931,2024-08-19
T0597,Transaction_0597,User_36,User_10,765.4856619887739,2024-08-20
T0598,Transaction_0598,User_34,User_57,906.2531468884588,2024-08-21
T0599,Transaction_0599,User_18,User_55,100.79643396250245,2024-08-22
T0600,Transaction_0600,User_28,User_57,885.7834759808273,2024-08-23
T0601,Transaction_0601,User_3,User_53,62.724318299363716,2024-08-24
T0602,Transaction_0602,User_64,User_47,243.42029312479832,2024-08-25
T0603,Transaction_0603,User_10,User_47,232.29337102104475,2024-08-26
T0604,Transaction_0604,User_40,User_12,840.7845247354896,2024-08-27
T0605,Transaction_0605,User_83,User_42,793.4668311073542,2024-08-28
T0606,Transaction_0606,User_17,User_4,294.0106033401355,2024-08-29
T0607,Transaction_0607,User_60,User_89,832.7993810728547,2024-08-30
T0608,Transaction_0608,User_97,User_90,474.4190258839388,2024-08-31
T0609,Transaction_0609,User_78,User_0,906.7989142122381,2024-09-01
T0610,Transaction_0610,User_2,User_32,223.49819702367088,2024-09-02
T0611,Transaction_0611,User_19,User_70,940.8236898479047,2024-09-03
T0612,Transaction_0612,User_77,User_67,429.0222113585098,2024-09-04
T0613,Transaction_0613,User_99,User_36,245.26382437452432,2024-09-05
T0614,Transaction_0614,User_15,User_6,246.05510842522446,2024-09-06
T0615,Transaction_0615,User_81,User_79,462.5424804700842,2024-09-07
T0616,Transaction_0616,User_14,User_63,600.7716523907575,2024-09-08
T0617,Transaction_0617,User_2,User_80,520.221972907312,2024-09-09
T0618,Transaction_0618,User_30,User_91,152.14107184379745,2024-09-10
T0619,Transaction_0619,User_54,User_0,618.6614869481912,2024-09-11
T0620,Transaction_0620,User_30,User_73,422.4019192564544,2024-09-12
T0621,Transaction_0621,User_85,User_10,528.2497121014292,2024-09-13
T0622,Transaction_0622,User_46,User_8,953.8696412056598,2024-09-14
T0623,Transaction_0623,User_69,User_64,788.5482124868644,2024-09-15
T0624,Transaction_0624,User_64,User_70,30.130963225284134,2024-09-16
T0625,Transaction_0625,User_60,User_5,639.3140835539438,2024-09-17
T0626,Transaction_0626,User_47,User_32,749.8434256470189,2024-09-18
T0627,Transaction_0627,User_45,User_8,351.3544682317574,2024-09-19
T0628,Transaction_0628,User_93,User_84,631.9743928508999,2024-09-20
T0629,Transaction_0629,User_98,User_74,737.8351149641882,2024-09-21
T0630,Transaction_0630,User_42,User_17,53.89233141225609,2024-09-22
T0631,Transaction_0631,User_69,User_43,815.3737769005272,2024-09-23
T0632,Transaction_0632,User_22,User_99,687.8357407448937,2024-09-24
T0633,Transaction_0633,User_89,User_61,635.4184892807544,2024-09-25
T0634,Transaction_0634,User_17,User_8,718.8846070202327,2024-09-26
T0635,Transaction_0635,User_58,User_4,300.5081454632809,2024-09-27
T0636,Transaction_0636,User_5,User_25,886.932481761924,2024-09-28
T0637,Transaction_0637,User_40,User_39,520.2297533619537,2024-09-29
T0638,Transaction_0638,User_69,User_60,260.78062755059125,2024-09-30
T0639,Transaction_0639,User_96,User_82,199.19239642657178,2024-10-01
T0640,Transaction_0640,User_45,User_99,57.32599390402646,2024-10-02
T0641,Transaction_0641,User_83,User_42,280.4844400527347,2024-10-03
T0642,Transaction_0642,User_47,User_55,890.5916518421586,2024-10-04
T0643,Transaction_0643,User_95,User_56,895.6911200055027,2024-10-05
T0644,Transaction_0644,User_49,User_43,973.9863484721559,2024-10-06
T0645,Transaction_0645,User_63,User_88,502.54815856869106,2024-10-07
T0646,Transaction_0646,User_66,User_34,803.136606527756,2024-10-08
T0647,Transaction_0647,User_93,User_54,88.1377359949132,2024-10-09
T0648,Transaction_0648,User_77,User_23,550.0196533711907,2024-10-10
T0649,Transaction_0649,User_41,User_13,89.2682219642453,2024-10-11
T0650,Transaction_0650,User_84,User_37,313.43089752984497,2024-10-12
T0651,Transaction_0651,User_77,User_91,431.85491215421496,2024-10-13
T0652,Transaction_0652,User_88,User_56,358.0315139342722,2024-10-14
T0653,Transaction_0653,User_5,User_93,871.3368033058282,2024-10-15
T0654,Transaction_0654,User_45,User_78,998.1690917953185,2024-10-16
T0655,Transaction_0655,User_35,User_81,980.2270064023363,2024-10-17
T0656,Transaction_0656,User_7,User_9,674.4720500047312,2024-10-18
T0657,Transaction_0657,User_51,User_46,517.9551592699066,2024-10-19
T0658,Transaction_0658,User_95,User_86,168.38685932205246,2024-10-20
T0659,Transaction_0659,User_3,User_18,850.1826168708292,2024-10-21
T0660,Transaction_0660,User_86,User_56,44.450976140556605,2024-10-22
T0661,Transaction_0661,User_8,User_30,780.7302197717968,2024-10-23
T0662,Transaction_0662,User_46,User_49,949.9724407611205,2024-10-24
T0663,Transaction_0663,User_4,User_77,161.90378175878104,2024-10-25
T0664,Transaction_0664,User_57,User_47,378.2932446859769,2024-10-26
T0665,Transaction_0665,User_97,User_9,578.1825605505567,2024-10-27
T0666,Transaction_0666,User_67,User_46,404.0537054929255,2024-10-28
T0667,Transaction_0667,User_83,User_35,257.11553656246394,2024-10-29
T0668,Transaction_0668,User_14,User_3,738.3181108846334,2024-10-30
T0669,Transaction_0669,User_63,User_66,393.1175062388708,2024-10-31
T0670,Transaction_0670,User_71,User_15,269.15890982162085,2024-11-01
T0671,Transaction_0671,User_33,User_90,451.81038128156,2024-11-02
T0672,Transaction_0672,User_78,User_36,697.0408346303859,2024-11-03
T0673,Transaction_0673,User_62,User_25,131.41104768493116,2024-11-04
T0674,Transaction_0674,User_9,User_57,180.92980034420063,2024-11-05
T0675,Transaction_0675,User_91,User_56,997.2897799828114,2024-11-06
T0676,Transaction_0676,User_87,User_40,671.1613925840783,2024-11-07
T0677,Transaction_0677,User_90,User_8,554.4971760120217,2024-11-08
T0678,Transaction_0678,User_37,User_38,852.8484302455946,2024-11-09
T0679,Transaction_0679,User_91,User_90,928.051212155946,2024-11-10
T0680,Transaction_0680,User_81,User_22,795.7594200065527,2024-11-11
T0681,Transaction_0681,User_65,User_28,130.14883052767232,2024-11-12
T0682,Transaction_0682,User_25,User_17,244.36882244400178,2024-11-13
T0683,Transaction_0683,User_63,User_3,367.2875591999383,2024-11-14
T0684,Transaction_0684,User_73,User_47,472.731780898758,2024-11-15
T0685,Transaction_0685,User_70,User_16,615.8288789943157,2024-11-16
T0686,Transaction_0686,User_11,User_8,316.19781035317754,2024-11-17
T0687,Transaction_0687,User_91,User_92,483.8784588161014,2024-11-18
T0688,Transaction_0688,User_52,User_98,415.33919219006594,2024-11-19
T0689,Transaction_0689,User_73,User_9,134.07351443660207,2024-11-20
T0690,Transaction_0690,User_40,User_82,83.42336956765314,2024-11-21
T0691,Transaction_0691,User_59,User_87,522.1864117016615,2024-11-22
T0692,Transaction_0692,User_16,User_99,555.7904091730414,2024-11-23
T0693,Transaction_0693,User_75,User_23,770.1038209840801,2024-11-24
T0694,Transaction_0694,User_16,User_55,507.8351485848809,2024-11-25
T0695,Transaction_0695,User_7,User_15,522.9211115947761,2024-11-26
T0696,Transaction_0696,User_38,User_21,170.34728996034067,2024-11-27
T0697,Transaction_0697,User_90,User_28,352.56285151845435,2024-11-28
T0698,Transaction_0698,User_66,User_36,847.4743690943069,2024-11-29
T0699,Transaction_0699,User_32,User_25,638.7065204738684,2024-11-30
T0700,Transaction_0700,User_70,User_35,133.91859217563368,2024-12-01
T0701,Transaction_0701,User_38,User_78,538.1432494706968,2024-12-02
T0702,Transaction_0702,User_64,User_82,176.94954273022975,2024-12-03
T0703,Transaction_0703,User_74,User_19,179.4886168252344,2024-12-04
T0704,Transaction_0704,User_79,User_92,902.9808847538196,2024-12-05
T0705,Transaction_0705,User_43,User_72,50.78236048656626,2024-12-06
T0706,Transaction_0706,User_3,User_10,55.00718525842856,2024-12-07
T0707,Transaction_0707,User_82,User_98,581.0035191626052,2024-12-08
T0708,Transaction_0708,User_83,User_26,769.289410907148,2024-12-09
T0709,Transaction_0709,User_53,User_79,642.6012802867817,2024-12-10
T0710,Transaction_0710,User_63,User_80,550.121708711795,2024-12-11
T0711,Transaction_0711,User_82,User_38,488.11536999366524,2024-12-12
T0712,Transaction_0712,User_87,User_51,304.4595327154449,2024-12-13
T0713,Transaction_0713,User_9,User_88,69.3139026053223,2024-12-14
T0714,Transaction_0714,User_56,User_53,489.40861880628563,2024-12-15
T0715,Transaction_0715,User_26,User_43,610.59366019243,2024-12-16
T0716,Transaction_0716,User_40,User_91,326.1232287202608,2024-12-17
T0717,Transaction_0717,User_44,User_51,139.4584900368626,2024-12-18
T0718,Transaction_0718,User_47,User_65,566.0347035908854,2024-12-19
T0719,Transaction_0719,User_40,User_30,471.80784137023005,2024-12-20
T0720,Transaction_0720,User_34,User_57,255.43969370029015,2024-12-21
T0721,Transaction_0721,User_12,User_6,297.3098849202025,2024-12-22
T0722,Transaction_0722,User_49,User_78,423.95339590152776,2024-12-23
T0723,Transaction_0723,User_20,User_41,934.4140198969108,2024-12-24
T0724,Transaction_0724,User_92,User_40,197.93576021112617,2024-12-25
T0725,Transaction_0725,User_20,User_63,996.0097169844627,2024-12-26
T0726,Transaction_0726,User_59,User_63,880.2849069644144,2024-12-27
T0727,Transaction_0727,User_63,User_2,99.14860409334649,2024-12-28
T0728,Transaction_0728,User_50,User_64,462.65833576783353,2024-12-29
T0729,Transaction_0729,User_30,User_27,587.5106708658199,2024-12-30
T0730,Transaction_0730,User_6,User_36,499.9452614899246,2024-12-31
T0731,Transaction_0731,User_83,User_86,475.88098483451375,2025-01-01
T0732,Transaction_0732,User_68,User_1,848.7006417395331,2025-01-02
T0733,Transaction_0733,User_55,User_17,883.6311736094069,2025-01-03
T0734,Transaction_0734,User_93,User_46,766.2181965203697,2025-01-04
T0735,Transaction_0735,User_46,User_5,406.575804804609,2025-01-05
T0736,Transaction_0736,User_72,User_71,202.70874886884187,2025-01-06
T0737,Transaction_0737,User_70,User_36,82.7964322454134,2025-01-07
T0738,Transaction_0738,User_64,User_57,766.7600735601671,2025-01-08
T0739,Transaction_0739,User_35,User_79,683.5946537176721,2025-01-09
T0740,Transaction_0740,User_15,User_16,975.3319872596462,2025-01-10
T0741,Transaction_0741,User_50,User_47,796.9482560971363,2025-01-11
T0742,Transaction_0742,User_43,User_71,939.5590812858217,2025-01-12
T0743,Transaction_0743,User_96,User_18,207.06730273692546,2025-01-13
T0744,Transaction_0744,User_65,User_51,505.0771245349374,2025-01-14
T0745,Transaction_0745,User_5,User_4,145.6660098318452,2025-01-15
T0746,Transaction_0746,User_42,User_60,524.1393832297524,2025-01-16
T0747,Transaction_0747,User_19,User_77,894.2003751572272,2025-01-17
T0748,Transaction_0748,User_17,User_41,932.05504817469,2025-01-18
T0749,Transaction_0749,User_40,User_20,399.02504198781827,2025-01-19
T0750,Transaction_0750,User_78,User_94,844.175908090487,2025-01-20
T0751,Transaction_0751,User_75,User_43,512.2418363392835,2025-01-21
T0752,Transaction_0752,User_65,User_68,494.9481855455965,2025-01-22
T0753,Transaction_0753,User_72,User_38,480.1436739980529,2025-01-23
T0754,Transaction_0754,User_2,User_47,337.9271976431334,2025-01-24
T0755,Transaction_0755,User_14,User_53,587.8651204302985,2025-01-25
T0756,Transaction_0756,User_92,User_88,632.9678757964125,2025-01-26
T0757,Transaction_0757,User_76,User_60,272.8751326158641,2025-01-27
T0758,Transaction_0758,User_83,User_99,582.6895889033232,2025-01-28
T0759,Transaction_0759,User_29,User_92,60.84161346918375,2025-01-29
T0760,Transaction_0760,User_61,User_21,528.9900092984362,2025-01-30
T0761,Transaction_0761,User_92,User_79,776.8600685354728,2025-01-31
T0762,Transaction_0762,User_48,User_18,823.4446782165737,2025-02-01
T0763,Transaction_0763,User_31,User_4,576.8445686900848,2025-02-02
T0764,Transaction_0764,User_89,User_14,198.87648454865806,2025-02-03
T0765,Transaction_0765,User_56,User_40,424.5924951874982,2025-02-04
T0766,Transaction_0766,User_52,User_88,211.8527658751132,2025-02-05
T0767,Transaction_0767,User_64,User_99,615.3632792928497,2025-02-06
T0768,Transaction_0768,User_60,User_94,730.1280779515092,2025-02-07
T0769,Transaction_0769,User_90,User_17,523.4963794445118,2025-02-08
T0770,Transaction_0770,User_71,User_41,998.1416397214273,2025-02-09
T0771,Transaction_0771,User_61,User_67,383.0565284238388,2025-02-10
T0772,Transaction_0772,User_22,User_58,913.0029193147703,2025-02-11
T0773,Transaction_0773,User_43,User_69,360.74411875836466,2025-02-12
T0774,Transaction_0774,User_98,User_92,683.9384306734502,2025-02-13
T0775,Transaction_0775,User_88,User_33,613.975814277964,2025-02-14
T0776,Transaction_0776,User_24,User_31,286.21633196253913,2025-02-15
T0777,Transaction_0777,User_38,User_28,942.0706908641868,2025-02-16
T0778,Transaction_0778,User_38,User_98,296.1140960294897,2025-02-17
T0779,Transaction_0779,User_26,User_88,707.9383771427948,2025-02-18
T0780,Transaction_0780,User_40,User_61,355.3151424592935,2025-02-19
T0781,Transaction_0781,User_92,User_35,294.91148174297325,2025-02-20
T0782,Transaction_0782,User_73,User_86,547.7589682183954,2025-02-21
T0783,Transaction_0783,User_50,User_44,955.0627747575468,2025-02-22
T0784,Transaction_0784,User_18,User_37,51.64582196439826,2025-02-23
T0785,Transaction_0785,User_91,User_10,352.8998789546603,2025-02-24
T0786,Transaction_0786,User_56,User_83,263.87953571874726,2025-02-25
T0787,Transaction_0787,User_61,User_27,210.04732712859052,2025-02-26
T0788,Transaction_0788,User_68,User_34,933.6936944454746,2025-02-27
T0789,Transaction_0789,User_89,User_34,145.9002252529137,2025-02-28
T0790,Transaction_0790,User_78,User_94,590.962193585107,2025-03-01
T0791,Transaction_0791,User_31,User_6,673.135625244173,2025-03-02
T0792,Transaction_0792,User_67,User_28,641.5651276745513,2025-03-03
T0793,Transaction_0793,User_6,User_12,419.16835238777605,2025-03-04
T0794,Transaction_0794,User_91,User_60,109.53945572957441,2025-03-05
T0795,Transaction_0795,User_98,User_17,15.12963194305873,2025-03-06
T0796,Transaction_0796,User_70,User_20,412.8383770314146,2025-03-07
T0797,Transaction_0797,User_60,User_61,654.0333049555227,2025-03-08
T0798,Transaction_0798,User_96,User_36,327.956025097975,2025-03-09
T0799,Transaction_0799,User_82,User_7,908.8575891482662,2025-03-10
T0800,Transaction_0800,User_11,User_83,578.3920196436195,2025-03-11
T0801,Transaction_0801,User_68,User_94,725.8865014599991,2025-03-12
T0802,Transaction_0802,User_4,User_22,423.7061324225553,2025-03-13
T0803,Transaction_0803,User_22,User_4,997.2000850576248,2025-03-14
T0804,Transaction_0804,User_50,User_63,194.448515603264,2025-03-15
T0805,Transaction_0805,User_95,User_37,877.9757362387442,2025-03-16
T0806,Transaction_0806,User_1,User_38,572.2822499778505,2025-03-17
T0807,Transaction_0807,User_13,User_42,291.7160358265458,2025-03-18
T0808,Transaction_0808,User_82,User_69,529.0753494871653,2025-03-19
T0809,Transaction_0809,User_17,User_64,473.3405613162272,2025-03-20
T0810,Transaction_0810,User_24,User_14,337.3772558634677,2025-03-21
T0811,Transaction_0811,User_93,User_58,651.8024853221492,2025-03-22
T0812,Transaction_0812,User_91,User_23,23.943353662280096,2025-03-23
T0813,Transaction_0813,User_43,User_37,572.1034101967299,2025-03-24
T0814,Transaction_0814,User_96,User_24,183.73996470008007,2025-03-25
T0815,Transaction_0815,User_81,User_51,828.7199270235465,2025-03-26
T0816,Transaction_0816,User_65,User_41,95.87039214987234,2025-03-27
T0817,Transaction_0817,User_85,User_12,192.93338903686657,2025-03-28
T0818,Transaction_0818,User_17,User_61,330.36565338423196,2025-03-29
T0819,Transaction_0819,User_31,User_0,268.17742429478943,2025-03-30
T0820,Transaction_0820,User_30,User_57,756.2190852636425,2025-03-31
T0821,Transaction_0821,User_42,User_38,586.636144039435,2025-04-01
T0822,Transaction_0822,User_73,User_1,268.93761930723883,2025-04-02
T0823,Transaction_0823,User_46,User_88,243.9395516477755,2025-04-03
T0824,Transaction_0824,User_85,User_15,470.74104103251005,2025-04-04
T0825,Transaction_0825,User_20,User_51,689.2128836921994,2025-04-05
T0826,Transaction_0826,User_90,User_98,317.8681689008137,2025-04-06
T0827,Transaction_0827,User_15,User_81,916.969081992129,2025-04-07
T0828,Transaction_0828,User_37,User_47,618.4791936624105,2025-04-08
T0829,Transaction_0829,User_28,User_17,483.40008073787175,2025-04-09
T0830,Transaction_0830,User_58,User_95,988.9495822763558,2025-04-10
T0831,Transaction_0831,User_47,User_53,704.9213195870977,2025-04-11
T0832,Transaction_0832,User_60,User_96,542.1425108162689,2025-04-12
T0833,Transaction_0833,User_85,User_27,764.241023771396,2025-04-13
T0834,Transaction_0834,User_87,User_96,599.8563208759107,2025-04-14
T0835,Transaction_0835,User_10,User_67,452.2804977215185,2025-04-15
T0836,Transaction_0836,User_90,User_46,87.32169492596579,2025-04-16
T0837,Transaction_0837,User_72,User_14,71.14046708111695,2025-04-17
T0838,Transaction_0838,User_70,User_64,210.1352111769814,2025-04-18
T0839,Transaction_0839,User_68,User_19,172.89178501692749,2025-04-19
T0840,Transaction_0840,User_66,User_56,125.07762196281759,2025-04-20
T0841,Transaction_0841,User_26,User_91,587.3162016566074,2025-04-21
T0842,Transaction_0842,User_11,User_65,451.0278652653483,2025-04-22
T0843,Transaction_0843,User_7,User_58,140.62489642288799,2025-04-23
T0844,Transaction_0844,User_53,User_58,568.2720732477263,2025-04-24
T0845,Transaction_0845,User_71,User_59,676.0400351050957,2025-04-25
T0846,Transaction_0846,User_39,User_92,31.55275331429557,2025-04-26
T0847,Transaction_0847,User_32,User_0,748.3464380034975,2025-04-27
T0848,Transaction_0848,User_74,User_9,54.8369047005505,2025-04-28
T0849,Transaction_0849,User_44,User_89,73.12231299096237,2025-04-29
T0850,Transaction_0850,User_7,User_8,986.2758756014541,2025-04-30
T0851,Transaction_0851,User_60,User_4,294.2197998224069,2025-05-01
T0852,Transaction_0852,User_23,User_98,144.07457782454338,2025-05-02
T0853,Transaction_0853,User_82,User_93,649.4220099161919,2025-05-03
T0854,Transaction_0854,User_53,User_47,992.9280325950701,2025-05-04
T0855,Transaction_0855,User_48,User_57,870.9240824576013,2025-05-05
T0856,Transaction_0856,User_48,User_10,685.9030505605259,2025-05-06
T0857,Transaction_0857,User_84,User_69,141.65990827231664,2025-05-07
T0858,Transaction_0858,User_44,User_15,186.68889271407056,2025-05-08
T0859,Transaction_0859,User_68,User_50,533.5541141485692,2025-05-09
T0860,Transaction_0860,User_93,User_28,836.4733955520284,2025-05-10
T0861,Transaction_0861,User_96,User_2,978.7057758523475,2025-05-11
T0862,Transaction_0862,User_59,User_86,721.9030352607435,2025-05-12
T0863,Transaction_0863,User_54,User_68,385.48370335345584,2025-05-13
T0864,Transaction_0864,User_29,User_31,466.0190257631103,2025-05-14
T0865,Transaction_0865,User_19,User_35,196.59564672437497,2025-05-15
T0866,Transaction_0866,User_92,User_97,121.71619237881255,2025-05-16
T0867,Transaction_0867,User_84,User_53,618.7739751368233,2025-05-17
T0868,Transaction_0868,User_2,User_30,214.02080563171202,2025-05-18
T0869,Transaction_0869,User_12,User_76,43.24051299673798,2025-05-19
T0870,Transaction_0870,User_76,User_86,706.2534041962793,2025-05-20
T0871,Transaction_0871,User_6,User_31,743.135667695063,2025-05-21
T0872,Transaction_0872,User_51,User_56,241.99588570268602,2025-05-22
T0873,Transaction_0873,User_27,User_96,865.0929402433558,2025-05-23
T0874,Transaction_0874,User_7,User_17,508.8568904515252,2025-05-24
T0875,Transaction_0875,User_37,User_29,817.6283941956837,2025-05-25
T0876,Transaction_0876,User_93,User_73,325.71465940550013,2025-05-26
T0877,Transaction_0877,User_76,User_98,675.8065824225446,2025-05-27
T0878,Transaction_0878,User_41,User_30,308.7467907927612,2025-05-28
T0879,Transaction_0879,User_18,User_84,526.0385437222742,2025-05-29
T0880,Transaction_0880,User_52,User_38,282.4023813035194,2025-05-30
T0881,Transaction_0881,User_71,User_75,880.9167520542442,2025-05-31
T0882,Transaction_0882,User_22,User_80,681.9626220533889,2025-06-01
T0883,Transaction_0883,User_71,User_63,56.41525598293044,2025-06-02
T0884,Transaction_0884,User_44,User_82,674.6290994982651,2025-06-03
T0885,Transaction_0885,User_67,User_40,699.3453232359989,2025-06-04
T0886,Transaction_0886,User_52,User_19,306.8896094910471,2025-06-05
T0887,Transaction_0887,User_23,User_96,542.5489817469092,2025-06-06
T0888,Transaction_0888,User_30,User_28,307.7290546071963,2025-06-07
T0889,Transaction_0889,User_90,User_18,807.718398335538,2025-06-08
T0890,Transaction_0890,User_7,User_71,418.5507140912735,2025-06-09
T0891,Transaction_0891,User_53,User_71,534.6918958630548,2025-06-10
T0892,Transaction_0892,User_49,User_31,262.4456891514611,2025-06-11
T0893,Transaction_0893,User_42,User_82,88.27972906085729,2025-06-12
T0894,Transaction_0894,User_57,User_47,101.53935656159501,2025-06-13
T0895,Transaction_0895,User_92,User_24,61.02126282287366,2025-06-14
T0896,Transaction_0896,User_48,User_86,608.9197519190075,2025-06-15
T0897,Transaction_0897,User_5,User_9,196.28166099342778,2025-06-16
T0898,Transaction_0898,User_97,User_75,727.0621874536276,2025-06-17
T0899,Transaction_0899,User_71,User_27,484.60026440620567,2025-06-18
T0900,Transaction_0900,User_0,User_1,870.7791130092926,2025-06-19
T0901,Transaction_0901,User_1,User_2,9291.095795105935,2025-06-20
T0902,Transaction_0902,User_2,User_3,957.4495629214064,2025-06-21
T0903,Transaction_0903,User_3,User_4,25.18036916620791,2025-06-22
T0904,Transaction_0904,User_4,User_5,937.7881655702253,2025-06-23
T0905,Transaction_0905,User_5,User_6,962.4567805533144,2025-06-24
T0906,Transaction_0906,User_6,User_7,126.14303744890114,2025-06-25
T0907,Transaction_0907,User_7,User_8,999.5762869476335,2025-06-26
T0908,Transaction_0908,User_8,User_9,484.13166757894214,2025-06-27
T0909,Transaction_0909,User_9,User_10,250.1672500272841,2025-06-28
T0910,Transaction_0910,User_10,User_11,608.3575187379934,2025-06-29
T0911,Transaction_0911,User_11,User_12,212.46801154811476,2025-06-30
T0912,Transaction_0912,User_12,User_13,915.9751949976209,2025-07-01
T0913,Transaction_0913,User_13,User_14,556.5584996223364,2025-07-02
T0914,Transaction_0914,User_14,User_15,777.7587432431326,2025-07-03
T0915,Transaction_0915,User_15,User_16,386.8551269291933,2025-07-04
T0916,Transaction_0916,User_16,User_17,538.3136261421005,2025-07-05
T0917,Transaction_0917,User_17,User_18,365.66695999606,2025-07-06
T0918,Transaction_0918,User_18,User_19,268.9460111114991,2025-07-07
T0919,Transaction_0919,User_19,User_20,517.6883746235358,2025-07-08
T0920,Transaction_0920,User_20,User_21,502.3045201699735,2025-07-09
T0921,Transaction_0921,User_21,User_22,107.62214924982524,2025-07-10
T0922,Transaction_0922,User_22,User_23,981.505272278111,2025-07-11
T0923,Transaction_0923,User_23,User_24,474.7955178023328,2025-07-12
T0924,Transaction_0924,User_24,User_25,841.3338697480481,2025-07-13
T0925,Transaction_0925,User_25,User_26,915.1871939085141,2025-07-14
T0926,Transaction_0926,User_26,User_27,376.99787221694584,2025-07-15
T0927,Transaction_0927,User_27,User_28,419.79086887283836,2025-07-16
T0928,Transaction_0928,User_28,User_29,566.8994801897107,2025-07-17
T0929,Transaction_0929,User_29,User_30,229.061357333063,2025-07-18
T0930,Transaction_0930,User_30,User_31,154.46348597152308,2025-07-19
T0931,Transaction_0931,User_31,User_32,268.1663688106719,2025-07-20
T0932,Transaction_0932,User_32,User_33,935.41066779339,2025-07-21
T0933,Transaction_0933,User_33,User_34,583.3514967770265,2025-07-22
T0934,Transaction_0934,User_34,User_35,423.4022928196219,2025-07-23
T0935,Transaction_0935,User_35,User_36,160.88729608230184,2025-07-24
T0936,Transaction_0936,User_36,User_37,336.5666331180813,2025-07-25
T0937,Transaction_0937,User_37,User_38,386.04137699374263,2025-07-26
T0938,Transaction_0938,User_38,User_39,835.0290881341152,2025-07-27
T0939,Transaction_0939,User_39,User_40,504.30846754562924,2025-07-28
T0940,Transaction_0940,User_40,User_41,658.0618864598117,2025-07-29
T0941,Transaction_0941,User_41,User_42,687.9981462224471,2025-07-30
T0942,Transaction_0942,User_42,User_43,264.75349005853394,2025-07-31
T0943,Transaction_0943,User_43,User_44,823.3760202954328,2025-08-01
T0944,Transaction_0944,User_44,User_45,966.8431845778402,2025-08-02
T0945,Transaction_0945,User_45,User_46,645.2775098547202,2025-08-03
T0946,Transaction_0946,User_46,User_47,495.6896267549746,2025-08-04
T0947,Transaction_0947,User_47,User_48,176.55130949202558,2025-08-05
T0948,Transaction_0948,User_48,User_49,797.0257592100978,2025-08-06
T0949,Transaction_0949,User_49,User_50,177.5730537515799,2025-08-07
T0950,Transaction_0950,User_50,User_51,723.1103954544727,2025-08-08
T0951,Transaction_0951,User_51,User_52,493.43315804159107,2025-08-09
T0952,Transaction_0952,User_52,User_53,917.7303957974232,2025-08-10
T0953,Transaction_0953,User_53,User_54,546.7154867978415,2025-08-11
T0954,Transaction_0954,User_54,User_55,645.3913685505429,2025-08-12
T0955,Transaction_0955,User_55,User_56,68.14473106492284,2025-08-13
T0956,Transaction_0956,User_56,User_57,43.48551959304364,2025-08-14
T0957,Transaction_0957,User_57,User_58,848.2304093508951,2025-08-15
T0958,Transaction_0958,User_58,User_59,945.7362300888892,2025-08-16
T0959,Transaction_0959,User_59,User_60,671.5333879592213,2025-08-17
T0960,Transaction_0960,User_60,User_61,766.695455136299,2025-08-18
T0961,Transaction_0961,User_61,User_62,418.26830019143677,2025-08-19
T0962,Transaction_0962,User_62,User_63,844.119269657095,2025-08-20
T0963,Transaction_0963,User_63,User_64,239.11905815667106,2025-08-21
T0964,Transaction_0964,User_64,User_65,710.0978680664252,2025-08-22
T0965,Transaction_0965,User_65,User_66,19.05004707375515,2025-08-23
T0966,Transaction_0966,User_66,User_67,510.6755904961345,2025-08-24
T0967,Transaction_0967,User_67,User_68,379.46868575994375,2025-08-25
T0968,Transaction_0968,User_68,User_69,621.656883518035,2025-08-26
T0969,Transaction_0969,User_69,User_70,670.0871822578063,2025-08-27
T0970,Transaction_0970,User_70,User_71,620.3541674734945,2025-08-28
T0971,Transaction_0971,User_71,User_72,488.3721120856069,2025-08-29
T0972,Transaction_0972,User_72,User_73,492.9758401630405,2025-08-30
T0973,Transaction_0973,User_73,User_74,16.546233422237307,2025-08-31
T0974,Transaction_0974,User_74,User_75,556.1271253021443,2025-09-01
T0975,Transaction_0975,User_75,User_76,21.732458446613514,2025-09-02
T0976,Transaction_0976,User_76,User_77,534.1234703732341,2025-09-03
T0977,Transaction_0977,User_77,User_78,281.99332982585366,2025-09-04
T0978,Transaction_0978,User_78,User_79,977.7045547501866,2025-09-05
T0979,Transaction_0979,User_79,User_80,26.971171626402928,2025-09-06
T0980,Transaction_0980,User_80,User_81,815.0256487047708,2025-09-07
T0981,Transaction_0981,User_81,User_82,677.2926225980182,2025-09-08
T0982,Transaction_0982,User_82,User_83,808.1060219579546,2025-09-09
T0983,Transaction_0983,User_83,User_84,910.6756323387784,2025-09-10
T0984,Transaction_0984,User_84,User_85,115.94626440754797,2025-09-11
T0985,Transaction_0985,User_85,User_86,105.35075134889438,2025-09-12
T0986,Transaction_0986,User_86,User_87,157.40851088284802,2025-09-13
T0987,Transaction_0987,User_87,User_88,200.01273642169707,2025-09-14
T0988,Transaction_0988,User_88,User_89,531.1914255462141,2025-09-15
T0989,Transaction_0989,User_89,User_90,817.0622468061498,2025-09-16
T0990,Transaction_0990,User_90,User_91,274.6514893098695,2025-09-17
T0991,Transaction_0991,User_91,User_92,402.92745827309074,2025-09-18
T0992,Transaction_0992,User_92,User_93,379.32106762904533,2025-09-19
T0993,Transaction_0993,User_93,User_94,411.9671357751471,2025-09-20
T0994,Transaction_0994,User_94,User_95,569.3521606234893,2025-09-21
T0995,Transaction_0995,User_95,User_96,990.33070132333,2025-09-22
T0996,Transaction_0996,User_96,User_97,233.59868010114795,2025-09-23
T0997,Transaction_0997,User_97,User_98,687.2012092156816,2025-09-24
T0998,Transaction_0998,User_98,User_99,849.3884310112203,2025-09-25
T0999,Transaction_0999,User_99,User_0,657.1983623635616,2025-09-26
